{
  "input_bounds_physical": {
    "x0": [
      5.497299898912632,
      19.0
    ],
    "x1": [
      1.0000000000000002e-13,
      10.474634374022004
    ]
  },
  "input_bounds_scaled_augmented": {
    "a0": [
      -3.0402790351781626,
      0.0
    ],
    "a1": [
      -0.7500728321598514,
      0.45124654495494515
    ]
  },
  "output_bounds_physical": {
    "x0": [
      -1.0489271559574929,
      1.148118523334377
    ],
    "x1": [
      -1.0,
      1.428443888917101
    ]
  },
  "time_bounds_physical": [
    0.0,
    300.0
  ],
  "time_bounds_scaled": [
    0.0,
    1.0
  ]
}