{
  "input_bounds_physical": {
    "x0": [
      5.456208897139419,
      19.0
    ],
    "x1": [
      1.0000000000000002e-13,
      10.419078686049149
    ]
  },
  "input_bounds_scaled_augmented": {
    "a0": [
      -2.957805100832401,
      0.0
    ],
    "a1": [
      -0.7553780730337817,
      0.288031135090141
    ]
  },
  "output_bounds_physical": {
    "x0": [
      -1.0484141048547042,
      1.1476691411445041
    ],
    "x1": [
      -0.9999999999999999,
      1.4284438889165152
    ]
  },
  "time_bounds_physical": [
    0.0,
    300.0
  ],
  "time_bounds_scaled": [
    0.0,
    1.0
  ]
}