{
  "input_bounds_physical": {
    "x0": [
      5.400266044442809,
      19.0
    ],
    "x1": [
      1.0000000000000002e-13,
      10.305804997473503
    ]
  },
  "input_bounds_scaled_augmented": {
    "a0": [
      -2.8901260653163536,
      0.0
    ],
    "a1": [
      -2.7225434661571857,
      0.0
    ]
  },
  "output_bounds_physical": {
    "x0": [
      -1.0477206012942628,
      1.1470617003638335
    ],
    "x1": [
      -0.9999999999999999,
      1.318464429945353
    ]
  },
  "time_bounds_physical": [
    0.0,
    300.0
  ],
  "time_bounds_scaled": [
    0.0,
    1.0
  ]
}