{
  "input_bounds_physical": {
    "x0": [
      5.497299898912658,
      19.0
    ],
    "x1": [
      1.0000000000000002e-13,
      10.474634374021756
    ]
  },
  "input_bounds_scaled_augmented": {
    "a0": [
      -3.040279035178466,
      0.0
    ],
    "a1": [
      -0.7500728321603285,
      0.4512465449561151
    ]
  },
  "output_bounds_physical": {
    "x0": [
      -1.0489271559574975,
      1.1481185233343774
    ],
    "x1": [
      -1.0,
      1.4284438889171347
    ]
  },
  "time_bounds_physical": [
    0.0,
    300.0
  ],
  "time_bounds_scaled": [
    0.0,
    1.0
  ]
}